"method","path","group","path_parameters","bearer_capable","content_type","source_bundles"
"GET","/api/activity/comments/","activity","","True",,"71280-e984758c9379dc61.js"
"POST","/api/activity/comments/","activity","","True","application/json","71280-e984758c9379dc61.js"
"DELETE","/api/activity/comments/{comment_id}/","activity","comment_id","True",,"71280-e984758c9379dc61.js"
"GET","/api/activity/comments/{comment_id}/","activity","comment_id","True",,"71280-e984758c9379dc61.js"
"PUT","/api/activity/comments/{comment_id}/","activity","comment_id","True","application/json","71280-e984758c9379dc61.js"
"PUT","/api/activity/comments/{comment_id}/ban/","activity","comment_id","True","application/json","71280-e984758c9379dc61.js"
"GET","/api/activity/comments/count/","activity","","True",,"71280-e984758c9379dc61.js"
"POST","/api/activity/ratings/","activity","","True","application/json","71280-e984758c9379dc61.js"
"GET","/api/activity/title-data/{title_id}/","activity","title_id","True",,"71280-e984758c9379dc61.js"
"PUT","/api/activity/title-data/{title_id}/","activity","title_id","True","application/json","71280-e984758c9379dc61.js"
"DELETE","/api/activity/views/","activity","","True",,"71280-e984758c9379dc61.js"
"POST","/api/activity/views/","activity","","True","application/json","71280-e984758c9379dc61.js"
"POST","/api/activity/vote-post/","activity","","True","application/json","71280-e984758c9379dc61.js"
"POST","/api/activity/votes/","activity","","True","application/json","71280-e984758c9379dc61.js"
"POST","/api/activity/vote-similar/","activity","","True","application/json","71280-e984758c9379dc61.js"
"GET","/api/v2/activity/active-gift/","activity","","True",,"71280-e984758c9379dc61.js"
"GET","/api/v2/activity/comments/","activity","","True",,"71280-e984758c9379dc61.js"
"POST","/api/v2/activity/comments/","activity","","True","application/json","71280-e984758c9379dc61.js"
"DELETE","/api/v2/activity/comments/{comment_id}/","activity","comment_id","True",,"71280-e984758c9379dc61.js"
"GET","/api/v2/activity/comments/{comment_id}/","activity","comment_id","True",,"71280-e984758c9379dc61.js"
"PUT","/api/v2/activity/comments/{comment_id}/","activity","comment_id","True","application/json","71280-e984758c9379dc61.js"
"PUT","/api/v2/activity/comments/{comment_id}/ban/","activity","comment_id","True","application/json","71280-e984758c9379dc61.js"
"GET","/api/v2/activity/comments/count/","activity","","True",,"71280-e984758c9379dc61.js"
"GET","/api/v2/activity/notes/","activity","","True",,"71280-e984758c9379dc61.js"
"POST","/api/v2/activity/notes/","activity","","True","application/json","71280-e984758c9379dc61.js"
"DELETE","/api/v2/activity/notes/{note_id}/","activity","note_id","True",,"71280-e984758c9379dc61.js"
"PUT","/api/v2/activity/notes/{note_id}/","activity","note_id","True","application/json","71280-e984758c9379dc61.js"
"GET","/api/v2/activity/partner-gift-reward/","activity","","True",,"71280-e984758c9379dc61.js"
"POST","/api/v2/activity/partner-gift-reward/","activity","","True","application/json","71280-e984758c9379dc61.js"
"POST","/api/v2/activity/random-reward/","activity","","True","application/json","71280-e984758c9379dc61.js"
"POST","/api/v2/activity/view-page/","activity","","True","application/json","71280-e984758c9379dc61.js"
"POST","/api/v2/activity/vote/","activity","","True","application/json","71280-e984758c9379dc61.js"
"GET","/api/v3/activity/comments/","activity","","True",,"71280-e984758c9379dc61.js"
"POST","/api/v3/activity/comments/","activity","","True","application/json","71280-e984758c9379dc61.js"
"DELETE","/api/v3/activity/comments/{comment_id}/","activity","comment_id","True",,"71280-e984758c9379dc61.js"
"GET","/api/v3/activity/comments/{comment_id}/","activity","comment_id","True",,"71280-e984758c9379dc61.js"
"PUT","/api/v3/activity/comments/{comment_id}/","activity","comment_id","True","application/json","71280-e984758c9379dc61.js"
"POST","/api/v3/activity/comments/{comment_id}/ban/","activity","comment_id","True","application/json","71280-e984758c9379dc61.js"
"POST","/api/battlepass/check-access/","battlepass","","True","application/json","71280-e984758c9379dc61.js"
"GET","/api/battlepass/current/","battlepass","","True",,"71280-e984758c9379dc61.js"
"POST","/api/battlepass/current/","battlepass","","True","application/json","71280-e984758c9379dc61.js"
"GET","/api/battlepass/current/preview/","battlepass","","True",,"71280-e984758c9379dc61.js"
"POST","/api/battlepass/join/","battlepass","","True","application/json","71280-e984758c9379dc61.js"
"GET","/api/battlepass/manage/","battlepass","","True",,"71280-e984758c9379dc61.js"
"POST","/api/battlepass/manage-minigames/","battlepass","","True","application/json","71280-e984758c9379dc61.js"
"GET","/api/battlepass/tasks/","battlepass","","True",,"71280-e984758c9379dc61.js"
"POST","/api/battlepass/tasks/","battlepass","","True","application/json","71280-e984758c9379dc61.js"
"PUT","/api/battlepass/tasks/","battlepass","","True","application/json","71280-e984758c9379dc61.js"
"GET","/api/v2/battlepass/levels/skip/","battlepass","","True",,"71280-e984758c9379dc61.js"
"POST","/api/v2/battlepass/levels/skip/","battlepass","","True","application/json","71280-e984758c9379dc61.js"
"POST","/api/billing/buy-chapter/","billing","","True","application/json","71280-e984758c9379dc61.js"
"GET","/api/billing/charge/","billing","","True",,"71280-e984758c9379dc61.js"
"POST","/api/billing/charge/","billing","","True","application/json","71280-e984758c9379dc61.js"
"POST","/api/billing/donate/","billing","","True","application/json","71280-e984758c9379dc61.js"
"POST","/api/billing/get-payment-ckassa/","billing","","True","application/json","71280-e984758c9379dc61.js"
"POST","/api/billing/get-payment-cloudpayments/","billing","","True","application/json","71280-e984758c9379dc61.js"
"POST","/api/billing/get-payment-cryptocloud/","billing","","True","application/json","71280-e984758c9379dc61.js"
"GET","/api/billing/get-payment-monetaru/","billing","","True",,"71280-e984758c9379dc61.js"
"GET","/api/billing/get-payment-monetaru-foreign/","billing","","True",,"71280-e984758c9379dc61.js"
"POST","/api/billing/get-payment-payselection/","billing","","True",,"71280-e984758c9379dc61.js"
"POST","/api/billing/get-payment-payze/{signature}/","billing","signature","True",,"71280-e984758c9379dc61.js"
"POST","/api/billing/get-payment-robokassa/","billing","","True","application/json","71280-e984758c9379dc61.js"
"POST","/api/billing/get-payment-tinkoff/","billing","","True","application/json","71280-e984758c9379dc61.js"
"POST","/api/billing/get-payment-yookassa/","billing","","True","application/json","71280-e984758c9379dc61.js"
"POST","/api/billing/get-subscription-tinkoff/","billing","","True","application/json","71280-e984758c9379dc61.js"
"GET","/api/billing/premium/","billing","","True",,"71280-e984758c9379dc61.js"
"POST","/api/billing/premium/","billing","","True","application/json","71280-e984758c9379dc61.js"
"PUT","/api/billing/premium/","billing","","True","application/json","71280-e984758c9379dc61.js"
"POST","/api/billing/promo-codes/","billing","","True","application/json","71280-e984758c9379dc61.js"
"POST","/api/billing/withdraw/","billing","","True","application/json","71280-e984758c9379dc61.js"
"DELETE","/api/billing/withdraw/{withdraw_id}/","billing","withdraw_id","True",,"71280-e984758c9379dc61.js"
"GET","/api/v2/billing/charge/","billing","","True",,"71280-e984758c9379dc61.js"
"POST","/api/v2/billing/charge/","billing","","True","application/json","71280-e984758c9379dc61.js"
"GET","/api/v2/billing/coins-exchange/","billing","","True",,"71280-e984758c9379dc61.js"
"POST","/api/v2/billing/coins-exchange/","billing","","True","application/json","71280-e984758c9379dc61.js"
"GET","/api/v2/billing/exchange/","billing","","True",,"71280-e984758c9379dc61.js"
"GET","/api/v2/billing/lightning-balance/","billing","","True",,"71280-e984758c9379dc61.js"
"GET","/api/v2/billing/lightning-payments/","billing","","True",,"71280-e984758c9379dc61.js"
"POST","/api/v2/billing/paypal/action/","billing","","True","application/json","71280-e984758c9379dc61.js"
"POST","/api/v2/billing/paypal/webhook/","billing","","True","application/json","71280-e984758c9379dc61.js"
"GET","/api/v2/billing/users/payments/","billing","","True",,"71280-e984758c9379dc61.js"
"POST","/api/v2/billing/withdraw/","billing","","True","application/json","71280-e984758c9379dc61.js"
"DELETE","/api/v2/billing/withdraw/{withdraw_id}/","billing","withdraw_id","True",,"71280-e984758c9379dc61.js"
"POST","/api/v2/billing/withdraw/{withdraw_id}/receipt/","billing","withdraw_id","True","application/json","71280-e984758c9379dc61.js"
"POST","/api/v2/card-gen/generate/","card-gen","","True","application/json","71280-e984758c9379dc61.js"
"GET","/api/v2/card-gen/status/{task_id}/","card-gen","task_id","True",,"71280-e984758c9379dc61.js"
"GET","/api/v2/clubs/","clubs","","True",,"71280-e984758c9379dc61.js"
"POST","/api/v2/clubs/","clubs","","True","application/json","71280-e984758c9379dc61.js"
"POST","/api/v2/clubs/{club_dir}/buy-perk/{perk_id}/","clubs","club_dir,perk_id","True","application/json","71280-e984758c9379dc61.js"
"POST","/api/v2/clubs/{club_dir}/change_ranks/","clubs","club_dir","True","application/json","71280-e984758c9379dc61.js"
"GET","/api/v2/clubs/{club_dir}/fee-history/","clubs","club_dir","True",,"71280-e984758c9379dc61.js"
"GET","/api/v2/clubs/{club_dir}/fee-member/{user_id}/","clubs","club_dir,user_id","True",,"71280-e984758c9379dc61.js"
"PUT","/api/v2/clubs/{club_dir}/fee-member/{user_id}/","clubs","club_dir,user_id","True","application/json","71280-e984758c9379dc61.js"
"POST","/api/v2/clubs/{club_dir}/fee-member/{user_id}/adjust/","clubs","club_dir,user_id","True","application/json","71280-e984758c9379dc61.js"
"POST","/api/v2/clubs/{club_dir}/fee-member/auto-pay/","clubs","club_dir","True","application/json","71280-e984758c9379dc61.js"
"GET","/api/v2/clubs/{club_dir}/fee-members/","clubs","club_dir","True",,"71280-e984758c9379dc61.js"
"GET","/api/v2/clubs/{club_dir}/fee-settings/","clubs","club_dir","True",,"71280-e984758c9379dc61.js"
"PUT","/api/v2/clubs/{club_dir}/fee-settings/","clubs","club_dir","True","application/json","71280-e984758c9379dc61.js"
"GET","/api/v2/clubs/{club_dir}/items-requests/","clubs","club_dir","True",,"71280-e984758c9379dc61.js"
"POST","/api/v2/clubs/{club_dir}/items-requests/","clubs","club_dir","True","application/json","71280-e984758c9379dc61.js"
"GET","/api/v2/clubs/{club_dir}/items-requests/{request_id}/","clubs","club_dir,request_id","True",,"71280-e984758c9379dc61.js"
"PUT","/api/v2/clubs/{club_dir}/items-requests/{request_id}/","clubs","club_dir,request_id","True","application/json","71280-e984758c9379dc61.js"
"GET","/api/v2/clubs/{club_dir}/members/","clubs","club_dir","True",,"71280-e984758c9379dc61.js"
"GET","/api/v2/clubs/{club_dir}/ranks/","clubs","club_dir","True",,"71280-e984758c9379dc61.js"
"DELETE","/api/v2/clubs/{club_dir}/ranks/{rank_id}/delete/","clubs","club_dir,rank_id","True",,"71280-e984758c9379dc61.js"
"PUT","/api/v2/clubs/{club_dir}/ranks/{rank_id}/edit/","clubs","club_dir,rank_id","True","application/json","71280-e984758c9379dc61.js"
"POST","/api/v2/clubs/{club_dir}/ranks/create/","clubs","club_dir","True","application/json","71280-e984758c9379dc61.js"
"POST","/api/v2/clubs/{club_dir}/regression/","clubs","club_dir","True","application/json","71280-e984758c9379dc61.js"
"DELETE","/api/v2/clubs/{dir}/","clubs","dir","True",,"71280-e984758c9379dc61.js"
"GET","/api/v2/clubs/{dir}/","clubs","dir","True",,"71280-e984758c9379dc61.js"
"PATCH","/api/v2/clubs/{dir}/","clubs","dir","True","application/json","71280-e984758c9379dc61.js"
"POST","/api/v2/clubs/{dir}/","clubs","dir","True","application/json","71280-e984758c9379dc61.js"
"PUT","/api/v2/clubs/{dir}/","clubs","dir","True","application/json","71280-e984758c9379dc61.js"
"POST","/api/v2/clubs/{dir}/change_roles/","clubs","dir","True","application/json","71280-e984758c9379dc61.js"
"POST","/api/v2/clubs/{dir}/donate/","clubs","dir","True","application/json","71280-e984758c9379dc61.js"
"GET","/api/v2/clubs/{dir}/donate/history/","clubs","dir","True",,"71280-e984758c9379dc61.js"
"POST","/api/v2/clubs/{dir}/kick_members/","clubs","dir","True","application/json","71280-e984758c9379dc61.js"
"POST","/api/v2/clubs/{dir}/leave/","clubs","dir","True","application/json","71280-e984758c9379dc61.js"
"GET","/api/v2/clubs/{dir}/requests/","clubs","dir","True",,"71280-e984758c9379dc61.js"
"GET","/api/v2/clubs/{dir}/requests/{id}/","clubs","dir,id","True",,"71280-e984758c9379dc61.js"
"PATCH","/api/v2/clubs/{dir}/requests/{id}/","clubs","dir,id","True","application/json","71280-e984758c9379dc61.js"
"PUT","/api/v2/clubs/{dir}/requests/{id}/","clubs","dir,id","True","application/json","71280-e984758c9379dc61.js"
"GET","/api/v2/clubs/create-cost/","clubs","","True",,"71280-e984758c9379dc61.js"
"GET","/api/v2/clubs/perks/","clubs","","True",,"71280-e984758c9379dc61.js"
"GET","/api/v2/clubs/regressions/","clubs","","True",,"71280-e984758c9379dc61.js"
"GET","/api/config/","config","","True",,"71280-e984758c9379dc61.js"
"GET","/api/dashboard/promo/render/","dashboard","","True",,"71280-e984758c9379dc61.js"
"POST","/api/dashboard/promo/render/","dashboard","","True","application/json","71280-e984758c9379dc61.js"
"GET","/api/v2/dashboard/{publisher_id}/promo/","dashboard","publisher_id","True",,"71280-e984758c9379dc61.js"
"PUT","/api/v2/dashboard/{publisher_id}/promo/","dashboard","publisher_id","True","application/json","71280-e984758c9379dc61.js"
"POST","/api/v2/dashboard/{publisher_id}/promo/{promo_id}/stop/","dashboard","publisher_id,promo_id","True","application/json","71280-e984758c9379dc61.js"
"POST","/api/v2/dashboard/{publisher_id}/promo/add/","dashboard","publisher_id","True","application/json","71280-e984758c9379dc61.js"
"POST","/api/v2/dashboard/{publisher_id}/promo/admin/{promo_id}/stop/","dashboard","publisher_id,promo_id","True","application/json","71280-e984758c9379dc61.js"
"GET","/api/v2/dashboard/{publisher_id}/promo/aggregation/","dashboard","publisher_id","True",,"71280-e984758c9379dc61.js"
"GET","/api/v2/dashboard/{publisher_id}/promo/billing/","dashboard","publisher_id","True",,"71280-e984758c9379dc61.js"
"GET","/api/v2/dashboard/{publisher_id}/promo/billing/buy/","dashboard","publisher_id","True",,"71280-e984758c9379dc61.js"
"POST","/api/v2/dashboard/{publisher_id}/promo/billing/buy/","dashboard","publisher_id","True","application/json","71280-e984758c9379dc61.js"
"GET","/api/v2/dashboard/{publisher_id}/promo/statistics/{promo_id}/","dashboard","publisher_id,promo_id","True",,"71280-e984758c9379dc61.js"
"GET","/api/v2/dashboard/{publisher_id}/promo/statistics/title/{title_id}/","dashboard","publisher_id,title_id","True",,"71280-e984758c9379dc61.js"
"POST","/api/v2/dnd/admin/add_item/","dnd","","True","application/json","71280-e984758c9379dc61.js"
"GET","/api/v2/dnd/characters/{user_id}/","dnd","user_id","True",,"71280-e984758c9379dc61.js"
"GET","/api/v2/dnd/characters/classes/","dnd","","True",,"71280-e984758c9379dc61.js"
"POST","/api/v2/dnd/characters/create/","dnd","","True","application/json","71280-e984758c9379dc61.js"
"GET","/api/v2/dnd/characters/races/","dnd","","True",,"71280-e984758c9379dc61.js"
"GET","/api/v2/dnd/characters/skills/","dnd","","True",,"71280-e984758c9379dc61.js"
"GET","/api/v2/dnd/inventory/","dnd","","True",,"71280-e984758c9379dc61.js"
"GET","/api/v2/dnd/locations/","dnd","","True",,"71280-e984758c9379dc61.js"
"GET","/api/entries/","entries","","True",,"71280-e984758c9379dc61.js"
"GET","/api/entries/{entry_id}/","entries","entry_id","True",,"71280-e984758c9379dc61.js"
"GET","/api/v2/entries/","entries","","True",,"71280-e984758c9379dc61.js"
"GET","/api/v2/entries/{entry_id}/","entries","entry_id","True",,"71280-e984758c9379dc61.js"
"GET","/api/v2/events/","events","","True",,"71280-e984758c9379dc61.js"
"GET","/api/v2/events/advent-calendar/","events","","True",,"71280-e984758c9379dc61.js"
"POST","/api/v2/events/advent-calendar/","events","","True","application/json","71280-e984758c9379dc61.js"
"GET","/api/v2/events/advent-calendar/opens/","events","","True",,"71280-e984758c9379dc61.js"
"GET","/api/v2/events/card-battle/cards/","events","","True",,"71280-e984758c9379dc61.js"
"GET","/api/v2/events/card-battle/catacombs/levels/","events","","True",,"71280-e984758c9379dc61.js"
"GET","/api/v2/events/card-battle/catacombs/levels/{level}/","events","level","True",,"71280-e984758c9379dc61.js"
"POST","/api/v2/events/card-battle/catacombs/levels/{level}/enter/","events","level","True","application/json","71280-e984758c9379dc61.js"
"POST","/api/v2/events/card-battle/catacombs/mini-game/{attempt_id}/resolve/","events","attempt_id","True","application/json","71280-e984758c9379dc61.js"
"GET","/api/v2/events/card-battle/catacombs/runs/","events","","True",,"71280-e984758c9379dc61.js"
"GET","/api/v2/events/card-battle/catacombs/runs/{run_id}/","events","run_id","True",,"71280-e984758c9379dc61.js"
"POST","/api/v2/events/card-battle/catacombs/scrolls/cap-raise/","events","","True","application/json","71280-e984758c9379dc61.js"
"POST","/api/v2/events/card-battle/catacombs/scrolls/enhance/","events","","True","application/json","71280-e984758c9379dc61.js"
"POST","/api/v2/events/card-battle/catacombs/scrolls/resurrect/","events","","True","application/json","71280-e984758c9379dc61.js"
"GET","/api/v2/events/card-battle/catacombs/state/","events","","True",,"71280-e984758c9379dc61.js"
"GET","/api/v2/events/card-battle/daily/","events","","True",,"71280-e984758c9379dc61.js"
"POST","/api/v2/events/card-battle/daily/{id}/claim/","events","id","True","application/json","71280-e984758c9379dc61.js"
"GET","/api/v2/events/card-battle/event-points/buy/","events","","True",,"71280-e984758c9379dc61.js"
"POST","/api/v2/events/card-battle/event-points/buy/","events","","True","application/json","71280-e984758c9379dc61.js"
"POST","/api/v2/events/card-battle/join/","events","","True","application/json","71280-e984758c9379dc61.js"
"GET","/api/v2/events/card-battle/locations/","events","","True",,"71280-e984758c9379dc61.js"
"POST","/api/v2/events/card-battle/locations/{id}/raid/","events","id","True","application/json","71280-e984758c9379dc61.js"
"GET","/api/v2/events/card-battle/potions/","events","","True",,"71280-e984758c9379dc61.js"
"POST","/api/v2/events/card-battle/potions/{id}/use/","events","id","True","application/json","71280-e984758c9379dc61.js"
"GET","/api/v2/events/card-battle/profile/","events","","True",,"71280-e984758c9379dc61.js"
"GET","/api/v2/events/card-battle/pvp/history/","events","","True",,"71280-e984758c9379dc61.js"
"GET","/api/v2/events/card-battle/pvp/leaderboard/","events","","True",,"71280-e984758c9379dc61.js"
"POST","/api/v2/events/card-battle/pvp/match/","events","","True",,"71280-e984758c9379dc61.js"
"GET","/api/v2/events/card-battle/pvp/match/{id}/","events","id","True",,"71280-e984758c9379dc61.js"
"GET","/api/v2/events/card-battle/pvp/me/","events","","True",,"71280-e984758c9379dc61.js"
"GET","/api/v2/events/card-battle/pvp/player/{id}/","events","id","True",,"71280-e984758c9379dc61.js"
"GET","/api/v2/events/card-battle/pvp/player/{id}/history/","events","id","True",,"71280-e984758c9379dc61.js"
"GET","/api/v2/events/card-battle/pvp/season/","events","","True",,"71280-e984758c9379dc61.js"
"GET","/api/v2/events/card-battle/rewards/","events","","True",,"71280-e984758c9379dc61.js"
"GET","/api/v2/events/card-battle/runs/","events","","True",,"71280-e984758c9379dc61.js"
"GET","/api/v2/events/card-battle/runs/{id}/","events","id","True",,"71280-e984758c9379dc61.js"
"GET","/api/v2/events/card-battle/squad/","events","","True",,"71280-e984758c9379dc61.js"
"POST","/api/v2/events/card-battle/squad/","events","","True","application/json","71280-e984758c9379dc61.js"
"POST","/api/v2/events/card-battle/squad/slot/","events","","True","application/json","71280-e984758c9379dc61.js"
"GET","/api/v2/events/dungeon-hunters/boss/","events","","True",,"71280-e984758c9379dc61.js"
"GET","/api/v2/events/dungeon-hunters/boss/{id}/","events","id","True",,"71280-e984758c9379dc61.js"
"POST","/api/v2/events/dungeon-hunters/boss/{id}/attack/","events","id","True","application/json","71280-e984758c9379dc61.js"
"POST","/api/v2/events/dungeon-hunters/boss/{id}/claim-rewards/","events","id","True","application/json","71280-e984758c9379dc61.js"
"POST","/api/v2/events/dungeon-hunters/boss/{id}/enter/","events","id","True","application/json","71280-e984758c9379dc61.js"
"GET","/api/v2/events/dungeon-hunters/boss/{id}/my-chests/","events","id","True",,"71280-e984758c9379dc61.js"
"GET","/api/v2/events/dungeon-hunters/boss/{id}/my-participation/","events","id","True",,"71280-e984758c9379dc61.js"
"GET","/api/v2/events/dungeon-hunters/boss/{id}/state/","events","id","True",,"71280-e984758c9379dc61.js"
"GET","/api/v2/events/dungeon-hunters/boss/{id}/top/","events","id","True",,"71280-e984758c9379dc61.js"
"GET","/api/v2/events/dungeon-hunters/boss/{id}/top/my-place/","events","id","True",,"71280-e984758c9379dc61.js"
"GET","/api/v2/events/dungeon-hunters/boss/config/","events","","True",,"71280-e984758c9379dc61.js"
"GET","/api/v2/events/dungeon-hunters/boss/list-killed/","events","","True",,"71280-e984758c9379dc61.js"
"GET","/api/v2/events/dungeon-hunters/boss/my-active/","events","","True",,"71280-e984758c9379dc61.js"
"GET","/api/v2/events/dungeon-hunters/boss/top/total/clubs/","events","","True",,"71280-e984758c9379dc61.js"
"GET","/api/v2/events/dungeon-hunters/boss/top/total/users/","events","","True",,"71280-e984758c9379dc61.js"
"GET","/api/v2/events/dungeon-hunters/buy-event-points-by-balance/","events","","True",,"71280-e984758c9379dc61.js"
"POST","/api/v2/events/dungeon-hunters/buy-event-points-by-balance/","events","","True","application/json","71280-e984758c9379dc61.js"
"GET","/api/v2/events/dungeon-hunters/dungeon/","events","","True",,"71280-e984758c9379dc61.js"
"POST","/api/v2/events/dungeon-hunters/dungeon/{dungeon_id}/enter/","events","dungeon_id","True","application/json","71280-e984758c9379dc61.js"
"POST","/api/v2/events/dungeon-hunters/dungeon/runs/{dungeon_run_id}/mini-game-reward/","events","dungeon_run_id","True","application/json","71280-e984758c9379dc61.js"
"POST","/api/v2/events/dungeon-hunters/dungeon/runs/{dungeon_run_id}/reward/","events","dungeon_run_id","True","application/json","71280-e984758c9379dc61.js"
"POST","/api/v2/events/dungeon-hunters/dungeon/runs/{run_id}/cancel/","events","run_id","True","application/json","71280-e984758c9379dc61.js"
"POST","/api/v2/events/dungeon-hunters/equipment/{user_equipment_id}/equip/","events","user_equipment_id","True","application/json","71280-e984758c9379dc61.js"
"POST","/api/v2/events/dungeon-hunters/equipment/{user_equipment_id}/unequip/","events","user_equipment_id","True","application/json","71280-e984758c9379dc61.js"
"GET","/api/v2/events/dungeon-hunters/equipment/catalog/","events","","True",,"71280-e984758c9379dc61.js"
"GET","/api/v2/events/dungeon-hunters/equipment/inventory/","events","","True",,"71280-e984758c9379dc61.js"
"POST","/api/v2/events/dungeon-hunters/join/","events","","True","application/json","71280-e984758c9379dc61.js"
"GET","/api/v2/events/dungeon-hunters/my-potions/","events","","True",,"71280-e984758c9379dc61.js"
"GET","/api/v2/events/dungeon-hunters/my-profile/","events","","True",,"71280-e984758c9379dc61.js"
"GET","/api/v2/events/dungeon-hunters/my-runs/","events","","True",,"71280-e984758c9379dc61.js"
"GET","/api/v2/events/dungeon-hunters/top/","events","","True",,"71280-e984758c9379dc61.js"
"GET","/api/v2/events/dungeon-hunters/top/clubs/","events","","True",,"71280-e984758c9379dc61.js"
"GET","/api/v2/events/dungeon-hunters/top/place/","events","","True",,"71280-e984758c9379dc61.js"
"POST","/api/v2/events/dungeon-hunters/use-mp-potion/","events","","True","application/json","71280-e984758c9379dc61.js"
"GET","/api/v2/events/eventpoint-balance/","events","","True",,"71280-e984758c9379dc61.js"
"GET","/api/v2/events/eventpoint-payments/","events","","True",,"71280-e984758c9379dc61.js"
"POST","/api/v2/events/new-year-madness/action/","events","","True","application/json","71280-e984758c9379dc61.js"
"POST","/api/v2/events/new-year-madness/buy/","events","","True","application/json","71280-e984758c9379dc61.js"
"GET","/api/v2/events/new-year-madness/change-team/","events","","True",,"71280-e984758c9379dc61.js"
"POST","/api/v2/events/new-year-madness/change-team/","events","","True","application/json","71280-e984758c9379dc61.js"
"GET","/api/v2/events/new-year-madness/collect/","events","","True",,"71280-e984758c9379dc61.js"
"POST","/api/v2/events/new-year-madness/collect/","events","","True","application/json","71280-e984758c9379dc61.js"
"POST","/api/v2/events/new-year-madness/join/","events","","True","application/json","71280-e984758c9379dc61.js"
"GET","/api/v2/events/new-year-madness/snowman/progress/","events","","True",,"71280-e984758c9379dc61.js"
"GET","/api/v2/events/new-year-madness/snowman/top-users/","events","","True",,"71280-e984758c9379dc61.js"
"GET","/api/v2/events/new-year-madness/user-team/","events","","True",,"71280-e984758c9379dc61.js"
"GET","/api/v2/events/valentine_day/","events","","True",,"71280-e984758c9379dc61.js"
"POST","/api/v2/events/valentine_day/action/","events","","True","application/json","71280-e984758c9379dc61.js"
"POST","/api/v2/events/valentine_day/buy/","events","","True","application/json","71280-e984758c9379dc61.js"
"POST","/api/v2/events/valentine_day/choose/","events","","True","application/json","71280-e984758c9379dc61.js"
"GET","/api/v2/events/valentine_day/collect/","events","","True",,"71280-e984758c9379dc61.js"
"POST","/api/v2/events/valentine_day/collect/","events","","True","application/json","71280-e984758c9379dc61.js"
"GET","/api/v2/events/valentine_day/progress/","events","","True",,"71280-e984758c9379dc61.js"
"GET","/api/v2/events/valentine_day/top-users/","events","","True",,"71280-e984758c9379dc61.js"
"GET","/api/v2/events/valentine_day/top-users/me/","events","","True",,"71280-e984758c9379dc61.js"
"GET","/api/v2/events/valentine_day/user-waifu/","events","","True",,"71280-e984758c9379dc61.js"
"GET","/api/forms/billing/tickets/","forms","","True",,"71280-e984758c9379dc61.js"
"GET","/api/forms/cards/","forms","","True",,"71280-e984758c9379dc61.js"
"GET","/api/forms/chapters/","forms","","True",,"71280-e984758c9379dc61.js"
"GET","/api/forms/coins-payments/","forms","","True",,"71280-e984758c9379dc61.js"
"GET","/api/forms/creators/","forms","","True",,"71280-e984758c9379dc61.js"
"GET","/api/forms/friends/statuses/","forms","","True",,"71280-e984758c9379dc61.js"
"GET","/api/forms/panel/","forms","","True",,"71280-e984758c9379dc61.js"
"GET","/api/forms/payments/","forms","","True",,"71280-e984758c9379dc61.js"
"GET","/api/forms/publishers/","forms","","True",,"71280-e984758c9379dc61.js"
"GET","/api/forms/titles/","forms","","True",,"71280-e984758c9379dc61.js"
"GET","/api/forms/users/","forms","","True",,"71280-e984758c9379dc61.js"
"GET","/api/v2/forum/","forum","","True",,"71280-e984758c9379dc61.js"
"POST","/api/v2/forum/","forum","","True","application/json","71280-e984758c9379dc61.js"
"GET","/api/v2/forum/{dir}/","forum","dir","True",,"71280-e984758c9379dc61.js"
"PUT","/api/v2/forum/{dir}/","forum","dir","True","application/json","71280-e984758c9379dc61.js"
"GET","/api/v2/forum/{dir}/reactions/","forum","dir","True",,"71280-e984758c9379dc61.js"
"POST","/api/v2/forum/ban/{dir}/","forum","dir","True","application/json","71280-e984758c9379dc61.js"
"GET","/api/v2/forum/search/","forum","","True",,"71280-e984758c9379dc61.js"
"GET","/api/v2/forum/tags/","forum","","True",,"71280-e984758c9379dc61.js"
"GET","/api/functions/check-vk-group/","functions","","True",,"71280-e984758c9379dc61.js"
"GET","/api/functions/feature-flags/site/","functions","","True",,"71280-e984758c9379dc61.js"
"GET","/api/functions/feature-flags/user/","functions","","True",,"71280-e984758c9379dc61.js"
"POST","/api/functions/feature-flags/user/","functions","","True","application/json","71280-e984758c9379dc61.js"
"GET","/api/functions/health-check/","functions","","True",,"71280-e984758c9379dc61.js"
"GET","/api/functions/popup/","functions","","True",,"71280-e984758c9379dc61.js"
"POST","/api/functions/search-engine-indexing/","functions","","True","application/json","71280-e984758c9379dc61.js"
"GET","/api/functions/sliders-schemes/","functions","","True",,"71280-e984758c9379dc61.js"
"POST","/api/functions/vk-bot-v2/","functions","","True","application/json","71280-e984758c9379dc61.js"
"GET","/api/v2/functions/ai/title-character-config/","functions","","True",,"71280-e984758c9379dc61.js"
"GET","/api/v2/functions/ai/title-character-config/{character_id}/","functions","character_id","True",,"71280-e984758c9379dc61.js"
"GET","/api/v2/functions/banned-words/","functions","","True",,"71280-e984758c9379dc61.js"
"GET","/api/v2/functions/banner-sliders/","functions","","True",,"71280-e984758c9379dc61.js"
"GET","/api/v2/functions/mobile-app/versions/","functions","","True",,"71280-e984758c9379dc61.js"
"POST","/api/v2/functions/mobile-app/versions/","functions","","True","application/json","71280-e984758c9379dc61.js"
"GET","/api/v2/functions/mobile-app/versions/{version}/","functions","version","True",,"71280-e984758c9379dc61.js"
"PATCH","/api/v2/functions/mobile-app/versions/{version}/","functions","version","True","application/json","71280-e984758c9379dc61.js"
"PUT","/api/v2/functions/mobile-app/versions/{version}/","functions","version","True","application/json","71280-e984758c9379dc61.js"
"GET","/api/v2/functions/mobile-app/versions/{version}/check/","functions","version","True",,"71280-e984758c9379dc61.js"
"GET","/api/houses/characters/","houses","","True",,"71280-e984758c9379dc61.js"
"GET","/api/houses/furniture/","houses","","True",,"71280-e984758c9379dc61.js"
"GET","/api/houses/furniture-collections/","houses","","True",,"71280-e984758c9379dc61.js"
"GET","/api/houses/furniture-collections/{furniture_collection_id}/","houses","furniture_collection_id","True",,"71280-e984758c9379dc61.js"
"GET","/api/houses/gacha/history/","houses","","True",,"71280-e984758c9379dc61.js"
"POST","/api/houses/gacha/pull/","houses","","True","application/json","71280-e984758c9379dc61.js"
"GET","/api/houses/game-shop-item-purchases/","houses","","True",,"71280-e984758c9379dc61.js"
"GET","/api/houses/game-shop-items/","houses","","True",,"71280-e984758c9379dc61.js"
"GET","/api/houses/game-shop-items/{game_shop_item_id}/","houses","game_shop_item_id","True",,"71280-e984758c9379dc61.js"
"POST","/api/houses/game-shop-items/buy/","houses","","True","application/json","71280-e984758c9379dc61.js"
"POST","/api/houses/hard-currency/buy/","houses","","True","application/json","71280-e984758c9379dc61.js"
"POST","/api/houses/join/","houses","","True","application/json","71280-e984758c9379dc61.js"
"GET","/api/houses/player-characters/","houses","","True",,"71280-e984758c9379dc61.js"
"GET","/api/houses/player-characters/{player_character_id}/","houses","player_character_id","True",,"71280-e984758c9379dc61.js"
"POST","/api/houses/player-characters/level-up/","houses","","True","application/json","71280-e984758c9379dc61.js"
"POST","/api/houses/player-characters/upgrade-potential/","houses","","True","application/json","71280-e984758c9379dc61.js"
"POST","/api/houses/player-floors/buy/","houses","","True","application/json","71280-e984758c9379dc61.js"
"GET","/api/houses/player-furniture/","houses","","True",,"71280-e984758c9379dc61.js"
"GET","/api/houses/player-furniture/{player_furniture_id}/","houses","player_furniture_id","True",,"71280-e984758c9379dc61.js"
"GET","/api/houses/player-houses/{player_house_id}/","houses","player_house_id","True",,"71280-e984758c9379dc61.js"
"POST","/api/houses/player-houses/buy/","houses","","True","application/json","71280-e984758c9379dc61.js"
"GET","/api/houses/player-rooms/{player_room_id}/","houses","player_room_id","True",,"71280-e984758c9379dc61.js"
"POST","/api/houses/player-rooms/buy/","houses","","True","application/json","71280-e984758c9379dc61.js"
"POST","/api/houses/player-rooms/collect-income/","houses","","True","application/json","71280-e984758c9379dc61.js"
"POST","/api/houses/player-rooms/place-character/","houses","","True","application/json","71280-e984758c9379dc61.js"
"POST","/api/houses/player-rooms/remove-character/","houses","","True","application/json","71280-e984758c9379dc61.js"
"POST","/api/houses/player-rooms/update-furniture/","houses","","True","application/json","71280-e984758c9379dc61.js"
"GET","/api/houses/players/","houses","","True",,"71280-e984758c9379dc61.js"
"GET","/api/houses/players/{player_id}/","houses","player_id","True",,"71280-e984758c9379dc61.js"
"GET","/api/inventory/{title_id}/cards/","inventory","title_id","True",,"71280-e984758c9379dc61.js"
"POST","/api/inventory/{user_id}/cards/merge/","inventory","user_id","True","application/json","71280-e984758c9379dc61.js"
"POST","/api/inventory/cards/","inventory","","True","application/json","71280-e984758c9379dc61.js"
"GET","/api/inventory/cards/{id}/","inventory","id","True",,"71280-e984758c9379dc61.js"
"PUT","/api/inventory/cards/{id}/","inventory","id","True","application/json","71280-e984758c9379dc61.js"
"PUT","/api/inventory/cards/{id}/replace/","inventory","id","True","application/json","71280-e984758c9379dc61.js"
"GET","/api/inventory/catalog/","inventory","","True",,"71280-e984758c9379dc61.js"
"GET","/api/inventory/character/{character_id}/cards/","inventory","character_id","True",,"71280-e984758c9379dc61.js"
"GET","/api/v2/inventory/{user_id}/","inventory","user_id","True",,"71280-e984758c9379dc61.js"
"PUT","/api/v2/inventory/{user_id}/cards/manage/exchangeable/","inventory","user_id","True","application/json","71280-e984758c9379dc61.js"
"PUT","/api/v2/inventory/{user_id}/cards/manage/favorite/","inventory","user_id","True","application/json","71280-e984758c9379dc61.js"
"GET","/api/v2/inventory/{user_id}/collections/","inventory","user_id","True",,"71280-e984758c9379dc61.js"
"POST","/api/v2/inventory/{user_id}/collections/","inventory","user_id","True","application/json","71280-e984758c9379dc61.js"
"GET","/api/v2/inventory/{user_id}/exchanges/","inventory","user_id","True",,"71280-e984758c9379dc61.js"
"POST","/api/v2/inventory/{user_id}/exchanges/","inventory","user_id","True","application/json","71280-e984758c9379dc61.js"
"GET","/api/v2/inventory/{user_id}/exchanges/{id}/","inventory","user_id,id","True",,"71280-e984758c9379dc61.js"
"PATCH","/api/v2/inventory/{user_id}/exchanges/{id}/","inventory","user_id,id","True","application/json","71280-e984758c9379dc61.js"
"PUT","/api/v2/inventory/{user_id}/exchanges/{id}/","inventory","user_id,id","True","application/json","71280-e984758c9379dc61.js"
"GET","/api/v2/inventory/{user_id}/rare-collections/","inventory","user_id","True",,"71280-e984758c9379dc61.js"
"GET","/api/v2/inventory/cards/{card_id}/is_locked/","inventory","card_id","True",,"71280-e984758c9379dc61.js"
"GET","/api/v2/inventory/cards/{id}/sources/","inventory","id","True",,"71280-e984758c9379dc61.js"
"GET","/api/v2/inventory/cards/{inventory_card_id}/","inventory","inventory_card_id","True",,"71280-e984758c9379dc61.js"
"GET","/api/v2/inventory/cards/album/","inventory","","True",,"71280-e984758c9379dc61.js"
"GET","/api/v2/inventory/cards/album/users/","inventory","","True",,"71280-e984758c9379dc61.js"
"POST","/api/v2/inventory/cards/awaken/","inventory","","True","application/json","71280-e984758c9379dc61.js"
"POST","/api/v2/inventory/cards/dust/","inventory","","True","application/json","71280-e984758c9379dc61.js"
"GET","/api/v2/inventory/cards/dust/exchange/","inventory","","True",,"71280-e984758c9379dc61.js"
"POST","/api/v2/inventory/cards/dust/exchange/","inventory","","True","application/json","71280-e984758c9379dc61.js"
"POST","/api/v2/inventory/cards/enhance/","inventory","","True","application/json","71280-e984758c9379dc61.js"
"POST","/api/v2/inventory/cards/full-reroll/","inventory","","True","application/json","71280-e984758c9379dc61.js"
"GET","/api/v2/inventory/cards/has_cards/","inventory","","True",,"71280-e984758c9379dc61.js"
"POST","/api/v2/inventory/cards/reroll/","inventory","","True","application/json","71280-e984758c9379dc61.js"
"DELETE","/api/v2/inventory/collections/{collection_id}/","inventory","collection_id","True",,"71280-e984758c9379dc61.js"
"GET","/api/v2/inventory/collections/{collection_id}/","inventory","collection_id","True",,"71280-e984758c9379dc61.js"
"PUT","/api/v2/inventory/collections/{collection_id}/","inventory","collection_id","True","application/json","71280-e984758c9379dc61.js"
"GET","/api/v2/inventory/collections/recent/","inventory","","True",,"71280-e984758c9379dc61.js"
"POST","/api/v2/inventory/complete-collection/{collection_id}/","inventory","collection_id","True","application/json","71280-e984758c9379dc61.js"
"GET","/api/v2/inventory/decks/","inventory","","True",,"71280-e984758c9379dc61.js"
"POST","/api/v2/inventory/decks/{deck_id}/choose/","inventory","deck_id","True","application/json","71280-e984758c9379dc61.js"
"POST","/api/v2/inventory/decks/{deck_id}/open/","inventory","deck_id","True","application/json","71280-e984758c9379dc61.js"
"GET","/api/v2/inventory/decks/aggregated/","inventory","","True",,"71280-e984758c9379dc61.js"
"GET","/api/v2/inventory/decks/awakened/","inventory","","True",,"71280-e984758c9379dc61.js"
"POST","/api/v2/inventory/decks/awakened/{deck_id}/open/","inventory","deck_id","True","application/json","71280-e984758c9379dc61.js"
"POST","/api/v2/inventory/delete-card/","inventory","","True","application/json","71280-e984758c9379dc61.js"
"GET","/api/v2/inventory/items/cards/{user_id}/","inventory","user_id","True",,"71280-e984758c9379dc61.js"
"POST","/api/v2/inventory/items/chests/{user_chest_id}/open/","inventory","user_chest_id","True","application/json","71280-e984758c9379dc61.js"
"GET","/api/v2/inventory/items/chests/{user_id}/","inventory","user_id","True",,"71280-e984758c9379dc61.js"
"GET","/api/v2/inventory/items/customizations/{user_id}/","inventory","user_id","True",,"71280-e984758c9379dc61.js"
"GET","/api/v2/inventory/items/moments/{user_id}/","inventory","user_id","True",,"71280-e984758c9379dc61.js"
"GET","/api/v2/inventory/items/promocodes/","inventory","","True",,"71280-e984758c9379dc61.js"
"POST","/api/v2/inventory/items/put-on/","inventory","","True","application/json","71280-e984758c9379dc61.js"
"POST","/api/v2/inventory/items/take-off/","inventory","","True","application/json","71280-e984758c9379dc61.js"
"GET","/api/v2/inventory/requests/status/","inventory","","True",,"71280-e984758c9379dc61.js"
"GET","/api/v2/inventory/upgrades/","inventory","","True",,"71280-e984758c9379dc61.js"
"POST","/api/v2/inventory/wishes/","inventory","","True","application/json","71280-e984758c9379dc61.js"
"DELETE","/api/v2/inventory/wishes/{card_id}/","inventory","card_id","True",,"71280-e984758c9379dc61.js"
"GET","/api/v2/inventory/wishes/{card_id}/","inventory","card_id","True",,"71280-e984758c9379dc61.js"
"GET","/api/v2/inventory/wishes/{card_id}/{user_id}/","inventory","card_id,user_id","True",,"71280-e984758c9379dc61.js"
"GET","/api/v2/inventory/wishes/{user_id}/has_wishes/","inventory","user_id","True",,"71280-e984758c9379dc61.js"
"DELETE","/api/v2/inventory/wishes/bulk/","inventory","","True",,"71280-e984758c9379dc61.js"
"PUT","/api/v2/inventory/wishes/bulk/","inventory","","True","application/json","71280-e984758c9379dc61.js"
"GET","/api/v2/inventory/wishes/intersection/{partner_id}/","inventory","partner_id","True",,"71280-e984758c9379dc61.js"
"GET","/api/v2/inventory/wishes/users/{user_id}/","inventory","user_id","True",,"71280-e984758c9379dc61.js"
"GET","/api/v3/inventory/items/cards/{user_id}/","inventory","user_id","True",,"71280-e984758c9379dc61.js"
"GET","/api/v3/inventory/wishes/intersection/{partner_id}/","inventory","partner_id","True",,"71280-e984758c9379dc61.js"
"POST","/api/panel/withdraw/","panel","","True","application/json","71280-e984758c9379dc61.js"
"GET","/api/v2/panel/advices/","panel","","True",,"71280-e984758c9379dc61.js"
"GET","/api/v2/panel/bans/","panel","","True",,"71280-e984758c9379dc61.js"
"POST","/api/v2/panel/bans/","panel","","True","application/json","71280-e984758c9379dc61.js"
"DELETE","/api/v2/panel/bans/{id}/","panel","id","True",,"71280-e984758c9379dc61.js"
"GET","/api/v2/panel/bans/{id}/","panel","id","True",,"71280-e984758c9379dc61.js"
"PUT","/api/v2/panel/bans/{id}/","panel","id","True","application/json","71280-e984758c9379dc61.js"
"GET","/api/v2/panel/feedbacks/","panel","","True",,"71280-e984758c9379dc61.js"
"DELETE","/api/v2/panel/feedbacks/{id}/","panel","id","True",,"71280-e984758c9379dc61.js"
"GET","/api/v2/panel/feedbacks/{id}/","panel","id","True",,"71280-e984758c9379dc61.js"
"PATCH","/api/v2/panel/feedbacks/{id}/","panel","id","True","application/json","71280-e984758c9379dc61.js"
"PUT","/api/v2/panel/feedbacks/{id}/","panel","id","True","application/json","71280-e984758c9379dc61.js"
"POST","/api/v2/panel/feedbacks/send/","panel","","True","application/json","71280-e984758c9379dc61.js"
"GET","/api/v2/panel/info/","panel","","True",,"71280-e984758c9379dc61.js"
"GET","/api/v2/panel/items-requests/","panel","","True",,"71280-e984758c9379dc61.js"
"GET","/api/v2/panel/items-requests/{request_id}/","panel","request_id","True",,"71280-e984758c9379dc61.js"
"PUT","/api/v2/panel/items-requests/{request_id}/","panel","request_id","True","application/json","71280-e984758c9379dc61.js"
"GET","/api/v2/panel/models/achievements/","panel","","True",,"71280-e984758c9379dc61.js"
"GET","/api/v2/panel/models/badges/","panel","","True",,"71280-e984758c9379dc61.js"
"GET","/api/v2/panel/models/black-list/","panel","","True",,"71280-e984758c9379dc61.js"
"GET","/api/v2/panel/models/branches/","panel","","True",,"71280-e984758c9379dc61.js"
"GET","/api/v2/panel/models/branches/{id}/","panel","id","True",,"71280-e984758c9379dc61.js"
"PATCH","/api/v2/panel/models/branches/{id}/","panel","id","True","application/json","71280-e984758c9379dc61.js"
"PUT","/api/v2/panel/models/branches/{id}/","panel","id","True","application/json","71280-e984758c9379dc61.js"
"GET","/api/v2/panel/models/cards/","panel","","True",,"71280-e984758c9379dc61.js"
"GET","/api/v2/panel/models/cards/{id}/","panel","id","True",,"71280-e984758c9379dc61.js"
"POST","/api/v2/panel/models/cards/{id}/notify-delete/","panel","id","True","application/json","71280-e984758c9379dc61.js"
"GET","/api/v2/panel/models/cards/history/","panel","","True",,"71280-e984758c9379dc61.js"
"GET","/api/v2/panel/models/categories/","panel","","True",,"71280-e984758c9379dc61.js"
"POST","/api/v2/panel/models/categories/","panel","","True","application/json","71280-e984758c9379dc61.js"
"DELETE","/api/v2/panel/models/categories/{id}/","panel","id","True",,"71280-e984758c9379dc61.js"
"GET","/api/v2/panel/models/categories/{id}/","panel","id","True",,"71280-e984758c9379dc61.js"
"PATCH","/api/v2/panel/models/categories/{id}/","panel","id","True","application/json","71280-e984758c9379dc61.js"
"PUT","/api/v2/panel/models/categories/{id}/","panel","id","True","application/json","71280-e984758c9379dc61.js"
"GET","/api/v2/panel/models/chapters/","panel","","True",,"71280-e984758c9379dc61.js"
"GET","/api/v2/panel/models/characters/","panel","","True",,"71280-e984758c9379dc61.js"
"POST","/api/v2/panel/models/characters/","panel","","True","application/json","71280-e984758c9379dc61.js"
"DELETE","/api/v2/panel/models/characters/{id}/","panel","id","True",,"71280-e984758c9379dc61.js"
"GET","/api/v2/panel/models/characters/{id}/","panel","id","True",,"71280-e984758c9379dc61.js"
"PATCH","/api/v2/panel/models/characters/{id}/","panel","id","True","application/json","71280-e984758c9379dc61.js"
"PUT","/api/v2/panel/models/characters/{id}/","panel","id","True","application/json","71280-e984758c9379dc61.js"
"GET","/api/v2/panel/models/clubs/","panel","","True",,"71280-e984758c9379dc61.js"
"GET","/api/v2/panel/models/coins-payments/","panel","","True",,"71280-e984758c9379dc61.js"
"POST","/api/v2/panel/models/coins-payments/","panel","","True","application/json","71280-e984758c9379dc61.js"
"GET","/api/v2/panel/models/coins-payments/{uuid}/","panel","uuid","True",,"71280-e984758c9379dc61.js"
"GET","/api/v2/panel/models/comments/","panel","","True",,"71280-e984758c9379dc61.js"
"DELETE","/api/v2/panel/models/comments/{id}/","panel","id","True",,"71280-e984758c9379dc61.js"
"GET","/api/v2/panel/models/comments/{id}/","panel","id","True",,"71280-e984758c9379dc61.js"
"PATCH","/api/v2/panel/models/comments/{id}/","panel","id","True","application/json","71280-e984758c9379dc61.js"
"PUT","/api/v2/panel/models/comments/{id}/","panel","id","True","application/json","71280-e984758c9379dc61.js"
"GET","/api/v2/panel/models/creators/","panel","","True",,"71280-e984758c9379dc61.js"
"GET","/api/v2/panel/models/creators/{id}/","panel","id","True",,"71280-e984758c9379dc61.js"
"POST","/api/v2/panel/models/decks/awakened/","panel","","True","application/json","71280-e984758c9379dc61.js"
"POST","/api/v2/panel/models/events/eventpoints/","panel","","True","application/json","71280-e984758c9379dc61.js"
"GET","/api/v2/panel/models/forum/posts/","panel","","True",,"71280-e984758c9379dc61.js"
"GET","/api/v2/panel/models/forum/posts/tags/","panel","","True",,"71280-e984758c9379dc61.js"
"GET","/api/v2/panel/models/genres/","panel","","True",,"71280-e984758c9379dc61.js"
"POST","/api/v2/panel/models/genres/","panel","","True","application/json","71280-e984758c9379dc61.js"
"DELETE","/api/v2/panel/models/genres/{id}/","panel","id","True",,"71280-e984758c9379dc61.js"
"GET","/api/v2/panel/models/genres/{id}/","panel","id","True",,"71280-e984758c9379dc61.js"
"PATCH","/api/v2/panel/models/genres/{id}/","panel","id","True","application/json","71280-e984758c9379dc61.js"
"PUT","/api/v2/panel/models/genres/{id}/","panel","id","True","application/json","71280-e984758c9379dc61.js"
"DELETE","/api/v2/panel/models/inventory-cards/","panel","","True",,"71280-e984758c9379dc61.js"
"GET","/api/v2/panel/models/inventory-cards/","panel","","True",,"71280-e984758c9379dc61.js"
"POST","/api/v2/panel/models/inventory-cards/","panel","","True","application/json","71280-e984758c9379dc61.js"
"DELETE","/api/v2/panel/models/inventory-cards/{id}/","panel","id","True",,"71280-e984758c9379dc61.js"
"GET","/api/v2/panel/models/moments/","panel","","True",,"71280-e984758c9379dc61.js"
"GET","/api/v2/panel/models/payments/","panel","","True",,"71280-e984758c9379dc61.js"
"GET","/api/v2/panel/models/payments/{id}/","panel","id","True",,"71280-e984758c9379dc61.js"
"GET","/api/v2/panel/models/payments/user/{user_id}/money/","panel","user_id","True",,"71280-e984758c9379dc61.js"
"GET","/api/v2/panel/models/payments/user/{user_id}/tickets/","panel","user_id","True",,"71280-e984758c9379dc61.js"
"POST","/api/v2/panel/models/promotions/","panel","","True","application/json","71280-e984758c9379dc61.js"
"GET","/api/v2/panel/models/publisher_invitations/","panel","","True",,"71280-e984758c9379dc61.js"
"GET","/api/v2/panel/models/publisher_invitations/{invitation_id}/","panel","invitation_id","True",,"71280-e984758c9379dc61.js"
"GET","/api/v2/panel/models/publishers/","panel","","True",,"71280-e984758c9379dc61.js"
"GET","/api/v2/panel/models/publishers/{id}/","panel","id","True",,"71280-e984758c9379dc61.js"
"GET","/api/v2/panel/models/shop/decks/","panel","","True",,"71280-e984758c9379dc61.js"
"GET","/api/v2/panel/models/shop/decks/guarantors/","panel","","True",,"71280-e984758c9379dc61.js"
"GET","/api/v2/panel/models/shop/decks/levels/","panel","","True",,"71280-e984758c9379dc61.js"
"GET","/api/v2/panel/models/shop/emojis/","panel","","True",,"71280-e984758c9379dc61.js"
"GET","/api/v2/panel/models/shop/emojis/packs/","panel","","True",,"71280-e984758c9379dc61.js"
"GET","/api/v2/panel/models/shop/image-items/","panel","","True",,"71280-e984758c9379dc61.js"
"GET","/api/v2/panel/models/shop/items/","panel","","True",,"71280-e984758c9379dc61.js"
"GET","/api/v2/panel/models/shop/themes/","panel","","True",,"71280-e984758c9379dc61.js"
"POST","/api/v2/panel/models/shop/themes/","panel","","True","application/json","71280-e984758c9379dc61.js"
"GET","/api/v2/panel/models/titles/","panel","","True",,"71280-e984758c9379dc61.js"
"GET","/api/v2/panel/models/titles/{id}/","panel","id","True",,"71280-e984758c9379dc61.js"
"GET","/api/v2/panel/models/user_buy/","panel","","True",,"71280-e984758c9379dc61.js"
"GET","/api/v2/panel/models/user_buy/{id}/","panel","id","True",,"71280-e984758c9379dc61.js"
"GET","/api/v2/panel/models/user-notifications/","panel","","True",,"71280-e984758c9379dc61.js"
"POST","/api/v2/panel/models/user-notifications/","panel","","True","application/json","71280-e984758c9379dc61.js"
"GET","/api/v2/panel/models/users/","panel","","True",,"71280-e984758c9379dc61.js"
"GET","/api/v2/panel/models/users/{id}/","panel","id","True",,"71280-e984758c9379dc61.js"
"GET","/api/v2/panel/models/users/{user_id}/payments","panel","user_id","True",,"71280-e984758c9379dc61.js"
"GET","/api/v2/panel/models/users/{user_id}/payments/{id}/","panel","user_id,id","True",,"71280-e984758c9379dc61.js"
"GET","/api/v2/panel/models/users/{user_id}/upgrades/","panel","user_id","True",,"71280-e984758c9379dc61.js"
"GET","/api/v2/panel/models/users/decks/","panel","","True",,"71280-e984758c9379dc61.js"
"POST","/api/v2/panel/models/users/decks/","panel","","True",,"71280-e984758c9379dc61.js"
"GET","/api/v2/panel/models/volumes/","panel","","True",,"71280-e984758c9379dc61.js"
"GET","/api/v2/panel/moderator-requests/","panel","","True",,"71280-e984758c9379dc61.js"
"GET","/api/v2/panel/moderator-requests/{id}/","panel","id","True",,"71280-e984758c9379dc61.js"
"PUT","/api/v2/panel/moderator-requests/{id}/","panel","id","True","application/json","71280-e984758c9379dc61.js"
"GET","/api/v2/panel/moderator-requests/info/","panel","","True",,"71280-e984758c9379dc61.js"
"GET","/api/v2/panel/notes/","panel","","True",,"71280-e984758c9379dc61.js"
"POST","/api/v2/panel/notes/","panel","","True","application/json","71280-e984758c9379dc61.js"
"DELETE","/api/v2/panel/notes/{id}/","panel","id","True",,"71280-e984758c9379dc61.js"
"PATCH","/api/v2/panel/notes/{id}/","panel","id","True","application/json","71280-e984758c9379dc61.js"
"PUT","/api/v2/panel/notes/{id}/","panel","id","True","application/json","71280-e984758c9379dc61.js"
"GET","/api/v2/panel/publisher-reports/","panel","","True",,"71280-e984758c9379dc61.js"
"POST","/api/v2/panel/publisher-reports/","panel","","True","application/json","71280-e984758c9379dc61.js"
"DELETE","/api/v2/panel/publisher-reports/{id}/","panel","id","True",,"71280-e984758c9379dc61.js"
"GET","/api/v2/panel/publisher-reports/{id}/","panel","id","True",,"71280-e984758c9379dc61.js"
"PATCH","/api/v2/panel/publisher-reports/{id}/","panel","id","True","application/json","71280-e984758c9379dc61.js"
"POST","/api/v2/panel/publisher-reports/{id}/deadlines/","panel","id","True","application/json","71280-e984758c9379dc61.js"
"GET","/api/v2/panel/reports/","panel","","True",,"71280-e984758c9379dc61.js"
"GET","/api/v2/panel/reports/{id}/","panel","id","True",,"71280-e984758c9379dc61.js"
"PATCH","/api/v2/panel/reports/{id}/","panel","id","True","application/json","71280-e984758c9379dc61.js"
"PUT","/api/v2/panel/reports/{id}/","panel","id","True","application/json","71280-e984758c9379dc61.js"
"GET","/api/v2/panel/reports/send/","panel","","True",,"71280-e984758c9379dc61.js"
"POST","/api/v2/panel/reports/send/","panel","","True","application/json","71280-e984758c9379dc61.js"
"GET","/api/v2/panel/requests/","panel","","True",,"71280-e984758c9379dc61.js"
"GET","/api/v2/panel/requests/{id}/","panel","id","True",,"71280-e984758c9379dc61.js"
"PUT","/api/v2/panel/requests/{id}/","panel","id","True","application/json","71280-e984758c9379dc61.js"
"GET","/api/v2/panel/requests/config/","panel","","True",,"71280-e984758c9379dc61.js"
"GET","/api/v2/panel/requests/config/{id}/","panel","id","True",,"71280-e984758c9379dc61.js"
"PUT","/api/v2/panel/requests/config/{id}/","panel","id","True","application/json","71280-e984758c9379dc61.js"
"PUT","/api/v2/panel/requests/config/parameters/cards/","panel","","True","application/json","71280-e984758c9379dc61.js"
"GET","/api/v2/panel/requests/count/","panel","","True",,"71280-e984758c9379dc61.js"
"GET","/api/v2/panel/statistics/","panel","","True",,"71280-e984758c9379dc61.js"
"GET","/api/v2/panel/strikes/","panel","","True",,"71280-e984758c9379dc61.js"
"POST","/api/v2/panel/strikes/","panel","","True","application/json","71280-e984758c9379dc61.js"
"DELETE","/api/v2/panel/strikes/{id}/","panel","id","True",,"71280-e984758c9379dc61.js"
"GET","/api/v2/panel/strikes/{id}/","panel","id","True",,"71280-e984758c9379dc61.js"
"GET","/api/v2/panel/tickets/","panel","","True",,"71280-e984758c9379dc61.js"
"POST","/api/v2/panel/tickets/","panel","","True","application/json","71280-e984758c9379dc61.js"
"GET","/api/v2/panel/tickets/{id}/","panel","id","True",,"71280-e984758c9379dc61.js"
"POST","/api/v2/panel/withdraw/","panel","","True","application/json","71280-e984758c9379dc61.js"
"GET","/api/v2/panel/withdraw/queue/","panel","","True",,"71280-e984758c9379dc61.js"
"GET","/api/v2/panel/withdraw/queue/{queue_id}/","panel","queue_id","True",,"71280-e984758c9379dc61.js"
"GET","/api/v2/panel/withdraw/receipts/","panel","","True",,"71280-e984758c9379dc61.js"
"GET","/api/v2/panel/withdraw/receipts/{receipt_id}/","panel","receipt_id","True",,"71280-e984758c9379dc61.js"
"PUT","/api/v2/panel/withdraw/receipts/{receipt_id}/","panel","receipt_id","True","application/json","71280-e984758c9379dc61.js"
"GET","/api/publishers/","publishers","","True",,"71280-e984758c9379dc61.js"
"POST","/api/publishers/","publishers","","True","application/json","71280-e984758c9379dc61.js"
"PUT","/api/publishers/","publishers","","True","application/json","71280-e984758c9379dc61.js"
"GET","/api/publishers/{publisher_dir}/","publishers","publisher_dir","True",,"71280-e984758c9379dc61.js"
"POST","/api/publishers/{publisher_dir}/","publishers","publisher_dir","True","application/json","71280-e984758c9379dc61.js"
"PUT","/api/publishers/{publisher_dir}/","publishers","publisher_dir","True","application/json","71280-e984758c9379dc61.js"
"GET","/api/publishers/{publisher_dir}/statistics/","publishers","publisher_dir","True",,"71280-e984758c9379dc61.js"
"DELETE","/api/publishers/{publisher_id}/cards/","publishers","publisher_id","True",,"71280-e984758c9379dc61.js"
"GET","/api/publishers/{publisher_id}/cards/","publishers","publisher_id","True",,"71280-e984758c9379dc61.js"
"POST","/api/publishers/{publisher_id}/cards/","publishers","publisher_id","True","application/json","71280-e984758c9379dc61.js"
"GET","/api/publishers/{publisher_id}/contract/","publishers","publisher_id","True",,"71280-e984758c9379dc61.js"
"POST","/api/publishers/{publisher_id}/contract/","publishers","publisher_id","True","application/json","71280-e984758c9379dc61.js"
"GET","/api/publishers/{publisher_id}/contract-files/","publishers","publisher_id","True",,"71280-e984758c9379dc61.js"
"POST","/api/publishers/{publisher_id}/contract-files/","publishers","publisher_id","True","application/json","71280-e984758c9379dc61.js"
"GET","/api/publishers/{publisher_id}/contractors/","publishers","publisher_id","True",,"71280-e984758c9379dc61.js"
"POST","/api/publishers/{publisher_id}/contractors/","publishers","publisher_id","True","application/json","71280-e984758c9379dc61.js"
"GET","/api/publishers/{publisher_id}/statistics/csv/","publishers","publisher_id","True",,"71280-e984758c9379dc61.js"
"GET","/api/publishers/{publisher_id}/withdraw/","publishers","publisher_id","True",,"71280-e984758c9379dc61.js"
"GET","/api/publishers/contracts/{contract_id}/acts/","publishers","contract_id","True",,"71280-e984758c9379dc61.js"
"GET","/api/publishers/contracts/{contract_id}/acts/{act_id}/download/","publishers","contract_id,act_id","True",,"71280-e984758c9379dc61.js"
"POST","/api/publishers/contract-verify/","publishers","","True","application/json","71280-e984758c9379dc61.js"
"GET","/api/v2/publishers/","publishers","","True",,"71280-e984758c9379dc61.js"
"POST","/api/v2/publishers/","publishers","","True","application/json","71280-e984758c9379dc61.js"
"PUT","/api/v2/publishers/","publishers","","True","application/json","71280-e984758c9379dc61.js"
"GET","/api/v2/publishers/{dir}/members/","publishers","dir","True",,"71280-e984758c9379dc61.js"
"GET","/api/v2/publishers/{publisher_dir}/","publishers","publisher_dir","True",,"71280-e984758c9379dc61.js"
"POST","/api/v2/publishers/{publisher_dir}/","publishers","publisher_dir","True","application/json","71280-e984758c9379dc61.js"
"PUT","/api/v2/publishers/{publisher_dir}/","publishers","publisher_dir","True","application/json","71280-e984758c9379dc61.js"
"GET","/api/v2/publishers/{publisher_dir}/reports/","publishers","publisher_dir","True",,"71280-e984758c9379dc61.js"
"GET","/api/v2/publishers/{publisher_dir}/reports/{id}/","publishers","publisher_dir,id","True",,"71280-e984758c9379dc61.js"
"GET","/api/v2/publishers/{publisher_dir}/statistics/bookmarks/","publishers","publisher_dir","True",,"71280-e984758c9379dc61.js"
"GET","/api/v2/publishers/{publisher_dir}/statistics/donates/","publishers","publisher_dir","True",,"71280-e984758c9379dc61.js"
"GET","/api/v2/publishers/{publisher_dir}/statistics/likes/","publishers","publisher_dir","True",,"71280-e984758c9379dc61.js"
"GET","/api/v2/publishers/{publisher_dir}/statistics/purchases/","publishers","publisher_dir","True",,"71280-e984758c9379dc61.js"
"GET","/api/v2/publishers/{publisher_dir}/statistics/referrals/","publishers","publisher_dir","True",,"71280-e984758c9379dc61.js"
"GET","/api/v2/publishers/{publisher_dir}/statistics/views/","publishers","publisher_dir","True",,"71280-e984758c9379dc61.js"
"GET","/api/v2/publishers/{publisher_dir}/titles/","publishers","publisher_dir","True",,"71280-e984758c9379dc61.js"
"POST","/api/v2/publishers/{publisher_id}/add-promo/","publishers","publisher_id","True",,"71280-e984758c9379dc61.js"
"GET","/api/v2/publishers/{publisher_id}/comments/","publishers","publisher_id","True",,"71280-e984758c9379dc61.js"
"DELETE","/api/v2/publishers/{publisher_id}/members/{user_id}/","publishers","publisher_id,user_id","True",,"71280-e984758c9379dc61.js"
"GET","/api/v2/publishers/{publisher_id}/members/{user_id}/","publishers","publisher_id,user_id","True",,"71280-e984758c9379dc61.js"
"PATCH","/api/v2/publishers/{publisher_id}/members/{user_id}/","publishers","publisher_id,user_id","True","application/json","71280-e984758c9379dc61.js"
"POST","/api/v2/publishers/{publisher_id}/members/{user_id}/","publishers","publisher_id,user_id","True","application/json","71280-e984758c9379dc61.js"
"PUT","/api/v2/publishers/{publisher_id}/members/{user_id}/","publishers","publisher_id,user_id","True","application/json","71280-e984758c9379dc61.js"
"POST","/api/v2/publishers/{publisher_id}/members/accept/","publishers","publisher_id","True","application/json","71280-e984758c9379dc61.js"
"PATCH","/api/v2/publishers/{publisher_id}/members/exit/","publishers","publisher_id","True","application/json","71280-e984758c9379dc61.js"
"PUT","/api/v2/publishers/{publisher_id}/members/exit/","publishers","publisher_id","True","application/json","71280-e984758c9379dc61.js"
"GET","/api/v2/publishers/{publisher_id}/strikes/","publishers","publisher_id","True",,"71280-e984758c9379dc61.js"
"GET","/api/v2/publishers/{publisher_id}/strikes/{id}/","publishers","publisher_id,id","True",,"71280-e984758c9379dc61.js"
"GET","/api/v2/publishers/{publisher_id}/withdraw/","publishers","publisher_id","True",,"71280-e984758c9379dc61.js"
"GET","/api/v2/publishers/invitations/","publishers","","True",,"71280-e984758c9379dc61.js"
"POST","/api/v2/publishers/invitations/","publishers","","True","application/json","71280-e984758c9379dc61.js"
"DELETE","/api/v2/publishers/invitations/{invitation_id}/","publishers","invitation_id","True",,"71280-e984758c9379dc61.js"
"PUT","/api/v2/publishers/invitations/{invitation_id}/","publishers","invitation_id","True","application/json","71280-e984758c9379dc61.js"
"GET","/api/v2/publishers/rights/","publishers","","True",,"71280-e984758c9379dc61.js"
"GET","/api/v2/quizzes/","quizzes","","True",,"71280-e984758c9379dc61.js"
"POST","/api/v2/quizzes/","quizzes","","True","application/json","71280-e984758c9379dc61.js"
"DELETE","/api/v2/quizzes/{quiz_id}/","quizzes","quiz_id","True",,"71280-e984758c9379dc61.js"
"GET","/api/v2/quizzes/{quiz_id}/","quizzes","quiz_id","True",,"71280-e984758c9379dc61.js"
"PUT","/api/v2/quizzes/{quiz_id}/","quizzes","quiz_id","True","application/json","71280-e984758c9379dc61.js"
"POST","/api/v2/quizzes/{quiz_id}/answers/","quizzes","quiz_id","True","application/json","71280-e984758c9379dc61.js"
"POST","/api/v2/quizzes/{quiz_id}/ban/","quizzes","quiz_id","True","application/json","71280-e984758c9379dc61.js"
"DELETE","/api/v2/quizzes/{quiz_id}/options/{question_id}/{option_id}/","quizzes","quiz_id,question_id,option_id","True",,"71280-e984758c9379dc61.js"
"PUT","/api/v2/quizzes/{quiz_id}/options/{question_id}/{option_id}/","quizzes","quiz_id,question_id,option_id","True","application/json","71280-e984758c9379dc61.js"
"DELETE","/api/v2/quizzes/{quiz_id}/questions/{question_id}/","quizzes","quiz_id,question_id","True",,"71280-e984758c9379dc61.js"
"PUT","/api/v2/quizzes/{quiz_id}/questions/{question_id}/","quizzes","quiz_id,question_id","True","application/json","71280-e984758c9379dc61.js"
"GET","/api/v2/quizzes/{quiz_id}/questions/{question_id}/answers/","quizzes","quiz_id,question_id","True",,"71280-e984758c9379dc61.js"
"POST","/api/v2/quizzes/{quiz_id}/recover/","quizzes","quiz_id","True","application/json","71280-e984758c9379dc61.js"
"GET","/api/v2/quizzes/{quiz_id}/users/{option_id}/","quizzes","quiz_id,option_id","True",,"71280-e984758c9379dc61.js"
"GET","/api/v2/quizzes/statistics/","quizzes","","True",,"71280-e984758c9379dc61.js"
"GET","/api/schema/","schema","","True",,"71280-e984758c9379dc61.js"
"GET","/api/search/","search","","True",,"71280-e984758c9379dc61.js"
"GET","/api/search/catalog/","search","","True",,"71280-e984758c9379dc61.js"
"GET","/api/search/internal/carditems/","search","","True",,"71280-e984758c9379dc61.js"
"GET","/api/search/internal/characters/","search","","True",,"71280-e984758c9379dc61.js"
"GET","/api/search/internal/clubs/","search","","True",,"71280-e984758c9379dc61.js"
"GET","/api/search/internal/creators/","search","","True",,"71280-e984758c9379dc61.js"
"GET","/api/search/internal/publishers/","search","","True",,"71280-e984758c9379dc61.js"
"GET","/api/search/internal/titlecharacters/","search","","True",,"71280-e984758c9379dc61.js"
"GET","/api/search/internal/titles/","search","","True",,"71280-e984758c9379dc61.js"
"GET","/api/search/internal/users/","search","","True",,"71280-e984758c9379dc61.js"
"GET","/api/search/popular/","search","","True",,"71280-e984758c9379dc61.js"
"POST","/api/search/popular/","search","","True","application/json","71280-e984758c9379dc61.js"
"GET","/api/v2/search/","search","","True",,"71280-e984758c9379dc61.js"
"GET","/api/v2/search/catalog/","search","","True",,"71280-e984758c9379dc61.js"
"GET","/api/v2/search/characters/catalog/","search","","True",,"71280-e984758c9379dc61.js"
"GET","/api/v2/search/popular/","search","","True",,"71280-e984758c9379dc61.js"
"POST","/api/v2/search/popular/","search","","True","application/json","71280-e984758c9379dc61.js"
"GET","/api/v2/service/friends/","service","","True",,"71280-e984758c9379dc61.js"
"GET","/api/v2/service/user-block/messages/","service","","True",,"71280-e984758c9379dc61.js"
"GET","/api/v2/service/users/","service","","True",,"71280-e984758c9379dc61.js"
"GET","/api/v2/shop/","shop","","True",,"71280-e984758c9379dc61.js"
"POST","/api/v2/shop/","shop","","True","application/json","71280-e984758c9379dc61.js"
"GET","/api/v2/shop/{dir}/","shop","dir","True",,"71280-e984758c9379dc61.js"
"POST","/api/v2/shop/buy/{id}/","shop","id","True","application/json","71280-e984758c9379dc61.js"
"GET","/api/v2/shop/counts/","shop","","True",,"71280-e984758c9379dc61.js"
"GET","/api/v2/shop/decks/","shop","","True",,"71280-e984758c9379dc61.js"
"GET","/api/v2/shop/decks/{id}/","shop","id","True",,"71280-e984758c9379dc61.js"
"GET","/api/v2/shop/decks/awakened/","shop","","True",,"71280-e984758c9379dc61.js"
"GET","/api/v2/shop/decks/awakened/{id}/","shop","id","True",,"71280-e984758c9379dc61.js"
"GET","/api/v2/shop/stickerpacks/","shop","","True",,"71280-e984758c9379dc61.js"
"GET","/api/v2/subscription/","subscription","","True",,"71280-e984758c9379dc61.js"
"POST","/api/v2/subscription/trial/","subscription","","True","application/json","71280-e984758c9379dc61.js"
"GET","/api/titles/","titles","","True",,"71280-e984758c9379dc61.js"
"POST","/api/titles/","titles","","True","application/json","71280-e984758c9379dc61.js"
"GET","/api/titles/{title_dir}/","titles","title_dir","True",,"71280-e984758c9379dc61.js"
"PUT","/api/titles/{title_dir}/","titles","title_dir","True","application/json","71280-e984758c9379dc61.js"
"GET","/api/titles/{title_dir}/similar/","titles","title_dir","True",,"71280-e984758c9379dc61.js"
"POST","/api/titles/{title_dir}/similar/","titles","title_dir","True","application/json","71280-e984758c9379dc61.js"
"PUT","/api/titles/{title_dir}/similar/","titles","title_dir","True","application/json","71280-e984758c9379dc61.js"
"GET","/api/titles/banner/","titles","","True",,"71280-e984758c9379dc61.js"
"GET","/api/titles/chapters/","titles","","True",,"71280-e984758c9379dc61.js"
"POST","/api/titles/chapters/","titles","","True","application/json","71280-e984758c9379dc61.js"
"PUT","/api/titles/chapters/","titles","","True","application/json","71280-e984758c9379dc61.js"
"DELETE","/api/titles/chapters/{chapter_id}/","titles","chapter_id","True",,"71280-e984758c9379dc61.js"
"GET","/api/titles/chapters/{chapter_id}/","titles","chapter_id","True",,"71280-e984758c9379dc61.js"
"PUT","/api/titles/chapters/{chapter_id}/","titles","chapter_id","True","application/json","71280-e984758c9379dc61.js"
"GET","/api/titles/chapters/{chapter_id}/download/","titles","chapter_id","True",,"71280-e984758c9379dc61.js"
"GET","/api/titles/characters/","titles","","True",,"71280-e984758c9379dc61.js"
"POST","/api/titles/characters/","titles","","True","application/json","71280-e984758c9379dc61.js"
"PUT","/api/titles/characters/","titles","","True","application/json","71280-e984758c9379dc61.js"
"GET","/api/titles/characters/{id}/","titles","id","True",,"71280-e984758c9379dc61.js"
"POST","/api/titles/characters/{id}/","titles","id","True","application/json","71280-e984758c9379dc61.js"
"PUT","/api/titles/characters/{id}/","titles","id","True","application/json","71280-e984758c9379dc61.js"
"GET","/api/titles/collections/","titles","","True",,"71280-e984758c9379dc61.js"
"GET","/api/titles/collections/{collection_id}/","titles","collection_id","True",,"71280-e984758c9379dc61.js"
"POST","/api/titles/creators/","titles","","True","application/json","71280-e984758c9379dc61.js"
"GET","/api/titles/creators/{creator_id}/titles/","titles","creator_id","True",,"71280-e984758c9379dc61.js"
"POST","/api/titles/creators/{creator_id}/titles/","titles","creator_id","True","application/json","71280-e984758c9379dc61.js"
"GET","/api/titles/creators/{id}/","titles","id","True",,"71280-e984758c9379dc61.js"
"PATCH","/api/titles/creators/{id}/","titles","id","True","application/json","71280-e984758c9379dc61.js"
"PUT","/api/titles/creators/{id}/","titles","id","True","application/json","71280-e984758c9379dc61.js"
"GET","/api/titles/last-chapters/","titles","","True",,"71280-e984758c9379dc61.js"
"GET","/api/titles/top-100/","titles","","True",,"71280-e984758c9379dc61.js"
"GET","/api/titles/volumes/{branch_id}/","titles","branch_id","True",,"71280-e984758c9379dc61.js"
"GET","/api/v2/titles/","titles","","True",,"71280-e984758c9379dc61.js"
"POST","/api/v2/titles/","titles","","True","application/json","71280-e984758c9379dc61.js"
"GET","/api/v2/titles/{title__dir}/additional/","titles","title__dir","True",,"71280-e984758c9379dc61.js"
"PATCH","/api/v2/titles/{title__dir}/additional/","titles","title__dir","True","application/json","71280-e984758c9379dc61.js"
"POST","/api/v2/titles/{title__dir}/additional/","titles","title__dir","True","application/json","71280-e984758c9379dc61.js"
"PUT","/api/v2/titles/{title__dir}/additional/","titles","title__dir","True","application/json","71280-e984758c9379dc61.js"
"GET","/api/v2/titles/{title__dir}/anime/","titles","title__dir","True",,"71280-e984758c9379dc61.js"
"GET","/api/v2/titles/{title__dir}/relations/","titles","title__dir","True",,"71280-e984758c9379dc61.js"
"PATCH","/api/v2/titles/{title__dir}/relations/","titles","title__dir","True","application/json","71280-e984758c9379dc61.js"
"POST","/api/v2/titles/{title__dir}/relations/","titles","title__dir","True","application/json","71280-e984758c9379dc61.js"
"PUT","/api/v2/titles/{title__dir}/relations/","titles","title__dir","True","application/json","71280-e984758c9379dc61.js"
"GET","/api/v2/titles/{title__dir}/voiceover/","titles","title__dir","True",,"71280-e984758c9379dc61.js"
"GET","/api/v2/titles/{title__id}/characters/","titles","title__id","True",,"71280-e984758c9379dc61.js"
"GET","/api/v2/titles/{title_dir}/","titles","title_dir","True",,"71280-e984758c9379dc61.js"
"PUT","/api/v2/titles/{title_dir}/","titles","title_dir","True","application/json","71280-e984758c9379dc61.js"
"GET","/api/v2/titles/{title_dir}/chapters/available/","titles","title_dir","True",,"71280-e984758c9379dc61.js"
"GET","/api/v2/titles/{title_dir}/similar/","titles","title_dir","True",,"71280-e984758c9379dc61.js"
"PATCH","/api/v2/titles/{title_dir}/similar/","titles","title_dir","True","application/json","71280-e984758c9379dc61.js"
"POST","/api/v2/titles/{title_dir}/similar/","titles","title_dir","True","application/json","71280-e984758c9379dc61.js"
"PUT","/api/v2/titles/{title_dir}/similar/","titles","title_dir","True","application/json","71280-e984758c9379dc61.js"
"GET","/api/v2/titles/{title_id}/my-progress/","titles","title_id","True",,"71280-e984758c9379dc61.js"
"POST","/api/v2/titles/{title_id}/my-progress/","titles","title_id","True","application/json","71280-e984758c9379dc61.js"
"GET","/api/v2/titles/banner/","titles","","True",,"71280-e984758c9379dc61.js"
"GET","/api/v2/titles/categories/","titles","","True",,"71280-e984758c9379dc61.js"
"GET","/api/v2/titles/chapters/","titles","","True",,"71280-e984758c9379dc61.js"
"PATCH","/api/v2/titles/chapters/","titles","","True","application/json","71280-e984758c9379dc61.js"
"POST","/api/v2/titles/chapters/","titles","","True","application/json","71280-e984758c9379dc61.js"
"PUT","/api/v2/titles/chapters/","titles","","True","application/json","71280-e984758c9379dc61.js"
"DELETE","/api/v2/titles/chapters/{chapter_id}/","titles","chapter_id","True",,"71280-e984758c9379dc61.js"
"GET","/api/v2/titles/chapters/{chapter_id}/","titles","chapter_id","True",,"71280-e984758c9379dc61.js"
"PATCH","/api/v2/titles/chapters/{chapter_id}/","titles","chapter_id","True","application/json","71280-e984758c9379dc61.js"
"PUT","/api/v2/titles/chapters/{chapter_id}/","titles","chapter_id","True","application/json","71280-e984758c9379dc61.js"
"POST","/api/v2/titles/chapters/parse-docs/","titles","","True","application/json","71280-e984758c9379dc61.js"
"POST","/api/v2/titles/characters/","titles","","True","application/json","71280-e984758c9379dc61.js"
"GET","/api/v2/titles/characters/{id}/","titles","id","True",,"71280-e984758c9379dc61.js"
"PATCH","/api/v2/titles/characters/{id}/","titles","id","True","application/json","71280-e984758c9379dc61.js"
"PUT","/api/v2/titles/characters/{id}/","titles","id","True","application/json","71280-e984758c9379dc61.js"
"GET","/api/v2/titles/collections/","titles","","True",,"71280-e984758c9379dc61.js"
"POST","/api/v2/titles/collections/","titles","","True","application/json","71280-e984758c9379dc61.js"
"DELETE","/api/v2/titles/collections/{id}/","titles","id","True",,"71280-e984758c9379dc61.js"
"GET","/api/v2/titles/collections/{id}/","titles","id","True",,"71280-e984758c9379dc61.js"
"PATCH","/api/v2/titles/collections/{id}/","titles","id","True","application/json","71280-e984758c9379dc61.js"
"PUT","/api/v2/titles/collections/{id}/","titles","id","True","application/json","71280-e984758c9379dc61.js"
"POST","/api/v2/titles/creators/","titles","","True","application/json","71280-e984758c9379dc61.js"
"GET","/api/v2/titles/creators/{creator_id}/titles/","titles","creator_id","True",,"71280-e984758c9379dc61.js"
"POST","/api/v2/titles/creators/{creator_id}/titles/","titles","creator_id","True","application/json","71280-e984758c9379dc61.js"
"GET","/api/v2/titles/creators/{id}/","titles","id","True",,"71280-e984758c9379dc61.js"
"PATCH","/api/v2/titles/creators/{id}/","titles","id","True","application/json","71280-e984758c9379dc61.js"
"PUT","/api/v2/titles/creators/{id}/","titles","id","True","application/json","71280-e984758c9379dc61.js"
"GET","/api/v2/titles/genres/","titles","","True",,"71280-e984758c9379dc61.js"
"GET","/api/v2/titles/last-chapters/","titles","","True",,"71280-e984758c9379dc61.js"
"GET","/api/v2/titles/moments/","titles","","True",,"71280-e984758c9379dc61.js"
"POST","/api/v2/titles/moments/","titles","","True","application/json","71280-e984758c9379dc61.js"
"DELETE","/api/v2/titles/moments/{moment_dir}/","titles","moment_dir","True",,"71280-e984758c9379dc61.js"
"GET","/api/v2/titles/moments/{moment_dir}/","titles","moment_dir","True",,"71280-e984758c9379dc61.js"
"PATCH","/api/v2/titles/moments/{moment_dir}/","titles","moment_dir","True","application/json","71280-e984758c9379dc61.js"
"PUT","/api/v2/titles/moments/{moment_dir}/","titles","moment_dir","True","application/json","71280-e984758c9379dc61.js"
"PUT","/api/v2/titles/moments/{moment_dir}/ban/","titles","moment_dir","True","application/json","71280-e984758c9379dc61.js"
"POST","/api/v2/titles/moments/{moment_dir}/view/","titles","moment_dir","True","application/json","71280-e984758c9379dc61.js"
"GET","/api/v2/titles/moments/catalog/","titles","","True",,"71280-e984758c9379dc61.js"
"GET","/api/v2/titles/moments/tags/","titles","","True",,"71280-e984758c9379dc61.js"
"PUT","/api/v2/titles/next-chapter-date/{branch_id}/","titles","branch_id","True","application/json","71280-e984758c9379dc61.js"
"GET","/api/v2/titles/publisher/{publisher_id}/","titles","publisher_id","True",,"71280-e984758c9379dc61.js"
"GET","/api/v2/titles/sliders/","titles","","True",,"71280-e984758c9379dc61.js"
"GET","/api/v2/titles/sliders/{dir}/","titles","dir","True",,"71280-e984758c9379dc61.js"
"GET","/api/v2/titles/sliders/types/","titles","","True",,"71280-e984758c9379dc61.js"
"GET","/api/v2/titles/top/","titles","","True",,"71280-e984758c9379dc61.js"
"GET","/api/v2/titles/top/tabs/","titles","","True",,"71280-e984758c9379dc61.js"
"GET","/api/v2/titles/volumes/{branch_id}/","titles","branch_id","True",,"71280-e984758c9379dc61.js"
"POST","/api/v2/titles/volumes/{branch_id}/","titles","branch_id","True","application/json","71280-e984758c9379dc61.js"
"GET","/api/v3/titles/","titles","","True",,"71280-e984758c9379dc61.js"
"GET","/api/users/{user_id}/","users","user_id","True",,"71280-e984758c9379dc61.js"
"DELETE","/api/users/{user_id}/bookmarks/","users","user_id","True",,"71280-e984758c9379dc61.js"
"GET","/api/users/{user_id}/bookmarks/","users","user_id","True",,"71280-e984758c9379dc61.js"
"POST","/api/users/{user_id}/bookmarks/","users","user_id","True","application/json","71280-e984758c9379dc61.js"
"PUT","/api/users/{user_id}/bookmarks/","users","user_id","True","application/json","71280-e984758c9379dc61.js"
"GET","/api/users/{user_id}/comments/","users","user_id","True",,"71280-e984758c9379dc61.js"
"DELETE","/api/users/{user_id}/history/","users","user_id","True",,"71280-e984758c9379dc61.js"
"GET","/api/users/{user_id}/history/","users","user_id","True",,"71280-e984758c9379dc61.js"
"GET","/api/users/{user_id}/payments/","users","user_id","True",,"71280-e984758c9379dc61.js"
"POST","/api/users/{user_id}/payments/","users","user_id","True","application/json","71280-e984758c9379dc61.js"
"DELETE","/api/users/{user_id}/user_bookmarks/","users","user_id","True",,"71280-e984758c9379dc61.js"
"GET","/api/users/{user_id}/user_bookmarks/","users","user_id","True",,"71280-e984758c9379dc61.js"
"POST","/api/users/{user_id}/user_bookmarks/","users","user_id","True","application/json","71280-e984758c9379dc61.js"
"PUT","/api/users/{user_id}/user_bookmarks/","users","user_id","True","application/json","71280-e984758c9379dc61.js"
"POST","/api/users/activate/","users","","True","application/json","71280-e984758c9379dc61.js"
"GET","/api/users/auto-login/","users","","True",,"71280-e984758c9379dc61.js"
"POST","/api/users/auto-login/","users","","True","application/json","71280-e984758c9379dc61.js"
"DELETE","/api/users/bookmarks/","users","","True",,"71280-e984758c9379dc61.js"
"GET","/api/users/bookmarks/","users","","True",,"71280-e984758c9379dc61.js"
"POST","/api/users/bookmarks/","users","","True","application/json","71280-e984758c9379dc61.js"
"PUT","/api/users/bookmarks/","users","","True","application/json","71280-e984758c9379dc61.js"
"POST","/api/users/bookmarks/import/","users","","True","application/json","71280-e984758c9379dc61.js"
"DELETE","/api/users/current/","users","","True",,"71280-e984758c9379dc61.js"
"GET","/api/users/current/","users","","True",,"71280-e984758c9379dc61.js"
"PUT","/api/users/current/","users","","True","application/json","71280-e984758c9379dc61.js"
"POST","/api/users/login/","users","","True","application/json","71280-e984758c9379dc61.js"
"DELETE","/api/users/notifications/","users","","True",,"71280-e984758c9379dc61.js"
"GET","/api/users/notifications/","users","","True",,"71280-e984758c9379dc61.js"
"PUT","/api/users/notifications/","users","","True","application/json","71280-e984758c9379dc61.js"
"POST","/api/users/password-reset/","users","","True","application/json","71280-e984758c9379dc61.js"
"PUT","/api/users/password-reset/","users","","True","application/json","71280-e984758c9379dc61.js"
"POST","/api/users/revoke-token/","users","","True","application/json","71280-e984758c9379dc61.js"
"POST","/api/users/signup/","users","","True","application/json","71280-e984758c9379dc61.js"
"POST","/api/users/social/","users","","True","application/json","71280-e984758c9379dc61.js"
"GET","/api/users/top/","users","","True",,"71280-e984758c9379dc61.js"
"POST","/api/users/utm-user-history/","users","","True","application/json","71280-e984758c9379dc61.js"
"GET","/api/v2/users/{user_id}/","users","user_id","True",,"71280-e984758c9379dc61.js"
"GET","/api/v2/users/{user_id}/achievements/","users","user_id","True",,"71280-e984758c9379dc61.js"
"GET","/api/v2/users/{user_id}/badges/","users","user_id","True",,"71280-e984758c9379dc61.js"
"DELETE","/api/v2/users/{user_id}/bookmarks/","users","user_id","True",,"71280-e984758c9379dc61.js"
"GET","/api/v2/users/{user_id}/bookmarks/","users","user_id","True",,"71280-e984758c9379dc61.js"
"PATCH","/api/v2/users/{user_id}/bookmarks/","users","user_id","True","application/json","71280-e984758c9379dc61.js"
"POST","/api/v2/users/{user_id}/bookmarks/","users","user_id","True","application/json","71280-e984758c9379dc61.js"
"PUT","/api/v2/users/{user_id}/bookmarks/","users","user_id","True","application/json","71280-e984758c9379dc61.js"
"GET","/api/v2/users/{user_id}/clubs/","users","user_id","True",,"71280-e984758c9379dc61.js"
"GET","/api/v2/users/{user_id}/favorite-cards/","users","user_id","True",,"71280-e984758c9379dc61.js"
"GET","/api/v2/users/{user_id}/friends/","users","user_id","True",,"71280-e984758c9379dc61.js"
"DELETE","/api/v2/users/{user_id}/friends/{friend_id}/","users","user_id,friend_id","True",,"71280-e984758c9379dc61.js"
"GET","/api/v2/users/{user_id}/friends/{friend_id}/","users","user_id,friend_id","True",,"71280-e984758c9379dc61.js"
"PATCH","/api/v2/users/{user_id}/friends/{friend_id}/","users","user_id,friend_id","True","application/json","71280-e984758c9379dc61.js"
"PUT","/api/v2/users/{user_id}/friends/{friend_id}/","users","user_id,friend_id","True","application/json","71280-e984758c9379dc61.js"
"GET","/api/v2/users/{user_id}/friends-requests/","users","user_id","True",,"71280-e984758c9379dc61.js"
"POST","/api/v2/users/{user_id}/friends-requests/","users","user_id","True","application/json","71280-e984758c9379dc61.js"
"DELETE","/api/v2/users/{user_id}/friends-requests/{request_id}/","users","user_id,request_id","True",,"71280-e984758c9379dc61.js"
"GET","/api/v2/users/{user_id}/friends-requests/{request_id}/","users","user_id,request_id","True",,"71280-e984758c9379dc61.js"
"PATCH","/api/v2/users/{user_id}/friends-requests/{request_id}/","users","user_id,request_id","True","application/json","71280-e984758c9379dc61.js"
"PUT","/api/v2/users/{user_id}/friends-requests/{request_id}/","users","user_id,request_id","True","application/json","71280-e984758c9379dc61.js"
"GET","/api/v2/users/{user_id}/history/","users","user_id","True",,"71280-e984758c9379dc61.js"
"DELETE","/api/v2/users/{user_id}/history/delete/","users","user_id","True",,"71280-e984758c9379dc61.js"
"GET","/api/v2/users/{user_id}/results/","users","user_id","True",,"71280-e984758c9379dc61.js"
"DELETE","/api/v2/users/{user_id}/user_bookmarks/","users","user_id","True",,"71280-e984758c9379dc61.js"
"GET","/api/v2/users/{user_id}/user_bookmarks/","users","user_id","True",,"71280-e984758c9379dc61.js"
"PATCH","/api/v2/users/{user_id}/user_bookmarks/","users","user_id","True","application/json","71280-e984758c9379dc61.js"
"POST","/api/v2/users/{user_id}/user_bookmarks/","users","user_id","True","application/json","71280-e984758c9379dc61.js"
"PUT","/api/v2/users/{user_id}/user_bookmarks/","users","user_id","True","application/json","71280-e984758c9379dc61.js"
"PUT","/api/v2/users/achievements/update/","users","","True","application/json","71280-e984758c9379dc61.js"
"POST","/api/v2/users/activate/","users","","True","application/json","71280-e984758c9379dc61.js"
"POST","/api/v2/users/admin/","users","","True","application/json","71280-e984758c9379dc61.js"
"POST","/api/v2/users/app-auth/code/","users","","True","application/json","71280-e984758c9379dc61.js"
"POST","/api/v2/users/app-auth/token/","users","","True","application/json","71280-e984758c9379dc61.js"
"GET","/api/v2/users/badges/{badge_id}/","users","badge_id","True",,"71280-e984758c9379dc61.js"
"GET","/api/v2/users/badges/{badge_id}/owners/","users","badge_id","True",,"71280-e984758c9379dc61.js"
"PUT","/api/v2/users/badges/update/","users","","True","application/json","71280-e984758c9379dc61.js"
"GET","/api/v2/users/bans/","users","","True",,"71280-e984758c9379dc61.js"
"GET","/api/v2/users/black-list/","users","","True",,"71280-e984758c9379dc61.js"
"POST","/api/v2/users/black-list/","users","","True","application/json","71280-e984758c9379dc61.js"
"DELETE","/api/v2/users/black-list/{block_id}/","users","block_id","True",,"71280-e984758c9379dc61.js"
"PUT","/api/v2/users/black-list/{block_id}/","users","block_id","True","application/json","71280-e984758c9379dc61.js"
"DELETE","/api/v2/users/current/","users","","True",,"71280-e984758c9379dc61.js"
"GET","/api/v2/users/current/","users","","True",,"71280-e984758c9379dc61.js"
"PUT","/api/v2/users/current/","users","","True","application/json","71280-e984758c9379dc61.js"
"GET","/api/v2/users/current/notify-settings/","users","","True",,"71280-e984758c9379dc61.js"
"DELETE","/api/v2/users/current/push-notifications/","users","","True",,"71280-e984758c9379dc61.js"
"POST","/api/v2/users/current/push-notifications/","users","","True","application/json","71280-e984758c9379dc61.js"
"POST","/api/v2/users/current/tour-reward/","users","","True","application/json","71280-e984758c9379dc61.js"
"POST","/api/v2/users/email-change/","users","","True","application/json","71280-e984758c9379dc61.js"
"GET","/api/v2/users/followers/","users","","True",,"71280-e984758c9379dc61.js"
"GET","/api/v2/users/friends-requests/friend/{friend_id}/","users","friend_id","True",,"71280-e984758c9379dc61.js"
"GET","/api/v2/users/have-card/{card_id}/","users","card_id","True",,"71280-e984758c9379dc61.js"
"POST","/api/v2/users/krakend/","users","","True","application/json","71280-e984758c9379dc61.js"
"POST","/api/v2/users/login/","users","","True","application/json","71280-e984758c9379dc61.js"
"POST","/api/v2/users/login/2fa/issue/","users","","True","application/json","71280-e984758c9379dc61.js"
"POST","/api/v2/users/login/2fa/verify/","users","","True","application/json","71280-e984758c9379dc61.js"
"POST","/api/v2/users/logout/","users","","True","application/json","71280-e984758c9379dc61.js"
"POST","/api/v2/users/logout-all/","users","","True","application/json","71280-e984758c9379dc61.js"
"GET","/api/v2/users/my-recommendations/","users","","True",,"71280-e984758c9379dc61.js"
"GET","/api/v2/users/notifications/","users","","True",,"71280-e984758c9379dc61.js"
"POST","/api/v2/users/notifications/create/","users","","True","application/json","71280-e984758c9379dc61.js"
"POST","/api/v2/users/notifications/delete/","users","","True","application/json","71280-e984758c9379dc61.js"
"GET","/api/v2/users/notifications/list-by-title/","users","","True",,"71280-e984758c9379dc61.js"
"POST","/api/v2/users/notifications/set-read/","users","","True","application/json","71280-e984758c9379dc61.js"
"GET","/api/v2/users/notifications/summary-by-title/","users","","True",,"71280-e984758c9379dc61.js"
"GET","/api/v2/users/notifications/summary-by-type/","users","","True",,"71280-e984758c9379dc61.js"
"GET","/api/v2/users/notifications/summary-total/","users","","True",,"71280-e984758c9379dc61.js"
"POST","/api/v2/users/password-change/","users","","True","application/json","71280-e984758c9379dc61.js"
"PUT","/api/v2/users/publishers-order/","users","","True","application/json","71280-e984758c9379dc61.js"
"GET","/api/v2/users/requests/","users","","True",,"71280-e984758c9379dc61.js"
"GET","/api/v2/users/requests/{id}/","users","id","True",,"71280-e984758c9379dc61.js"
"PUT","/api/v2/users/requests/{id}/cancel/","users","id","True","application/json","71280-e984758c9379dc61.js"
"GET","/api/v2/users/results/","users","","True",,"71280-e984758c9379dc61.js"
"GET","/api/v2/users/search-friends/","users","","True",,"71280-e984758c9379dc61.js"
"GET","/api/v2/users/sessions/","users","","True",,"71280-e984758c9379dc61.js"
"DELETE","/api/v2/users/sessions/{session_id}/","users","session_id","True",,"71280-e984758c9379dc61.js"
"POST","/api/v2/users/set-email/","users","","True","application/json","71280-e984758c9379dc61.js"
"POST","/api/v2/users/signup/","users","","True","application/json","71280-e984758c9379dc61.js"
"POST","/api/v2/users/social/mangalib/","users","","True","application/json","71280-e984758c9379dc61.js"
"POST","/api/v2/users/social/mangalib/bind/","users","","True","application/json","71280-e984758c9379dc61.js"
"POST","/api/v2/users/social/senkuro/","users","","True","application/json","71280-e984758c9379dc61.js"
"POST","/api/v2/users/social/senkuro/bind/","users","","True","application/json","71280-e984758c9379dc61.js"
"POST","/api/v2/users/social/shikimori/","users","","True","application/json","71280-e984758c9379dc61.js"
"POST","/api/v2/users/social/shikimori/bind/","users","","True","application/json","71280-e984758c9379dc61.js"
"POST","/api/v2/users/social/vk/","users","","True","application/json","71280-e984758c9379dc61.js"
"POST","/api/v2/users/social/vk/bind/","users","","True","application/json","71280-e984758c9379dc61.js"
"DELETE","/api/v2/users/subscribtion/","users","","True",,"71280-e984758c9379dc61.js"
"PUT","/api/v2/users/subscribtion/","users","","True","application/json","71280-e984758c9379dc61.js"
"GET","/api/v2/users/subscribtions/","users","","True",,"71280-e984758c9379dc61.js"
"GET","/api/v2/users/tickets/","users","","True",,"71280-e984758c9379dc61.js"
"POST","/api/v2/users/token/refresh/","users","","True","application/json","71280-e984758c9379dc61.js"
"GET","/api/v2/users/top/","users","","True",,"71280-e984758c9379dc61.js"
"GET","/api/v2/users/top/place/","users","","True",,"71280-e984758c9379dc61.js"
"POST","/api/v3/users/password-change/","users","","True","application/json","71280-e984758c9379dc61.js"
